exposure,SNP,b,se
ALDH2,rs141094656,1.0924753146621908,1.820792191103651
ALDH2,rs1375493,-0.26504792762843876,0.5671576417472949
ALDH2,rs9880192,-0.3078826122613569,1.389558692507009
ALDH2,rs149007767,-0.3773538217900181,0.4361220399376438
ALDH2,rs150640087,-1.5705678367165403,1.3968324565487815
ALDH2,rs7785014,0.729692292470565,1.3233402592262788
ALDH2,rs2293889,-2.0829023880116755,1.4508492495805465
ALDH2,rs1991866,-0.7222940655227449,1.2658761973079031
ALDH2,rs10980800,0.4292630259125104,1.0187378099749234
ALDH2,rs10774621,-1.6041636959931556,1.1229145871952089
ALDH2,rs145488714,-0.3341332780285149,0.28146202237869977
ALDH2,rs78834294,-0.5751062514765435,1.0738498471553717
ALDH2,rs13333054,-1.389278798741731,0.8566019536283211
ALDH2,rs7212590,-0.5218458314375922,1.289103969337249
ALDH2,rs17196752,0.1341254367255074,0.8440088457361197
FN1,rs10932612,1.1763589792239826,0.48856844701641206
FN1,rs17525860,0.15717265489585475,0.8813419900702135
FN1,rs615857,1.870490382095263,1.3552654864283042
