"exposure","outcome","id.exposure","id.outcome","samplesize","SNP","b","se","p"
"ALDH2","GWAScatalog_GCST90435706","fUNYEO","X8sDEr",NA,"rs10774621",-1.60416369599316,1.12291458719521,0.153127451019669
"ALDH2","GWAScatalog_GCST90435706","fUNYEO","X8sDEr",NA,"rs10980800",0.42926302591251,1.01873780997492,0.673486731828583
"ALDH2","GWAScatalog_GCST90435706","fUNYEO","X8sDEr",NA,"rs13333054",-1.38927879874173,0.856601953628321,0.104835739531051
"ALDH2","GWAScatalog_GCST90435706","fUNYEO","X8sDEr",NA,"rs1375493",-0.265047927628439,0.567157641747295,0.640266133215488
"ALDH2","GWAScatalog_GCST90435706","fUNYEO","X8sDEr",NA,"rs141094656",1.09247531466219,1.82079219110365,0.548506235500147
"ALDH2","GWAScatalog_GCST90435706","fUNYEO","X8sDEr",NA,"rs145488714",-0.334133278028515,0.2814620223787,0.235174570751873
"ALDH2","GWAScatalog_GCST90435706","fUNYEO","X8sDEr",NA,"rs149007767",-0.377353821790018,0.436122039937644,0.386902560476589
"ALDH2","GWAScatalog_GCST90435706","fUNYEO","X8sDEr",NA,"rs150640087",-1.57056783671654,1.39683245654878,0.260852654630205
"ALDH2","GWAScatalog_GCST90435706","fUNYEO","X8sDEr",NA,"rs17196752",0.134125436725507,0.84400884573612,0.873736056349787
"ALDH2","GWAScatalog_GCST90435706","fUNYEO","X8sDEr",NA,"rs2293889",-2.08290238801168,1.45084924958055,0.151103791689238
"ALDH2","GWAScatalog_GCST90435706","fUNYEO","X8sDEr",NA,"rs7212590",-0.521845831437592,1.28910396933725,0.685615094137288
"ALDH2","GWAScatalog_GCST90435706","fUNYEO","X8sDEr",NA,"rs7785014",0.729692292470565,1.32334025922628,0.581358219650341
"ALDH2","GWAScatalog_GCST90435706","fUNYEO","X8sDEr",NA,"rs78834294",-0.575106251476543,1.07384984715537,0.592265752227128
"ALDH2","GWAScatalog_GCST90435706","fUNYEO","X8sDEr",NA,"rs9880192",-0.307882612261357,1.38955869250701,0.824649707124989
"ALDH2","GWAScatalog_GCST90435706","fUNYEO","X8sDEr",NA,"All - Inverse variance weighted",-0.395434132746449,0.184554518995663,0.0321419129464823
"ALDH2","GWAScatalog_GCST90435706","fUNYEO","X8sDEr",NA,"All - MR Egger",-0.301987192873432,0.300705336204306,0.335073358667052
"FN1","GWAScatalog_GCST90435706","0gImqD","X8sDEr",NA,"rs10932612",1.17635897922398,0.488568447016412,0.0160504213877622
"FN1","GWAScatalog_GCST90435706","0gImqD","X8sDEr",NA,"rs17525860",0.157172654895855,0.881341990070214,0.858461202154742
"FN1","GWAScatalog_GCST90435706","0gImqD","X8sDEr",NA,"rs615857",1.87049038209526,1.3552654864283,0.167535758638406
"FN1","GWAScatalog_GCST90435706","0gImqD","X8sDEr",NA,"All - Inverse variance weighted",1.02121086399659,0.407528664089864,0.0122153055552828
"FN1","GWAScatalog_GCST90435706","0gImqD","X8sDEr",NA,"All - MR Egger",0.998188601293175,1.5413818181182,0.634146389237292
